ID,FINAL
0,HGDP01201
1,HGDP00479
2,HGDP01408
3,HGDP00471
4,HGDP01411
5,HGDP00937
6,HGDP01189
7,HGDP01094
8,HGDP00469
9,HGDP00475
10,HGDP01368
11,HGDP00473
12,HGDP01405
13,HGDP00470
14,HGDP00458
15,HGDP00904
16,HGDP01200
17,HGDP00452
18,HGDP00459
19,HGDP00914
20,HGDP00942
21,HGDP01031
22,HGDP00944
23,HGDP01406
24,HGDP01216
25,HGDP00907
26,HGDP01202
27,HGDP00908
28,HGDP00940
29,HGDP00911
30,HGDP00464
31,HGDP00929
32,HGDP00986
33,HGDP01244
34,HGDP00941
35,HGDP00934
36,HGDP00462
37,HGDP00453
38,HGDP00935
39,HGDP00943
40,HGDP01412
41,HGDP01243
42,HGDP01299
43,HGDP00845
44,HGDP00994
45,HGDP01283
46,HGDP00993
47,HGDP00918
48,HGDP00985
49,HGDP00910
50,HGDP00135
51,HGDP00214
52,HGDP00655
53,HGDP01096
54,HGDP00472
55,HGDP00450
56,HGDP00905
57,HGDP01298
58,HGDP00715
59,HGDP00711
60,HGDP00103
61,HGDP00359
62,HGDP00788
63,HGDP00136
64,HGDP00541
65,HGDP01285
66,HGDP00491
67,HGDP00105
68,HGDP00127
69,HGDP00547
70,HGDP00463
71,HGDP00703
72,HGDP00580
73,HGDP00130
74,HGDP00167
75,HGDP00576
76,HGDP01385
77,HGDP00662
78,HGDP00948
79,HGDP00005
80,HGDP00163
81,HGDP00346
82,HGDP00609
83,HGDP01257
84,HGDP00608
85,HGDP00544
86,HGDP00714
87,HGDP00057
88,HGDP00213
89,HGDP00165
90,HGDP01300
91,HGDP00931
92,HGDP00466
93,HGDP00279
94,HGDP00945
95,HGDP00056
96,HGDP01050
97,HGDP00288
98,HGDP00562
99,HGDP01396
100,HGDP01009
101,HGDP01383
102,HGDP00341
103,HGDP01013
104,HGDP00543
105,HGDP00947
106,HGDP00723
107,HGDP00467
108,HGDP00545
109,HGDP00610
110,HGDP00001
111,HGDP00218
112,HGDP00933
113,HGDP00856
114,HGDP00062
115,HGDP01086
116,HGDP00710
117,HGDP01192
118,HGDP00009
119,HGDP00924
120,HGDP00550
121,HGDP00920
122,HGDP01225
123,HGDP00925
124,HGDP00938
125,HGDP00478
126,HGDP00939
127,HGDP01256
128,HGDP00724
129,HGDP00726
130,HGDP00837
131,HGDP01190
132,HGDP00555
133,HGDP01029
134,HGDP00118
135,HGDP01081
136,HGDP01415
137,HGDP01418
138,HGDP01043
139,HGDP00843
140,HGDP01419
141,HGDP00992
142,HGDP00877
143,HGDP00781
144,HGDP00926
145,HGDP00782
146,HGDP01255
147,HGDP00460
148,HGDP01245
149,HGDP01037
150,HGDP00930
151,HGDP00820
152,HGDP01214
153,HGDP00319
154,HGDP01186
155,HGDP01310
156,HGDP00821
157,HGDP00777
158,HGDP00984
159,HGDP01327
160,HGDP01099
161,HGDP01416
162,HGDP00972
163,HGDP01313
164,HGDP00813
165,HGDP00814
166,HGDP00971
167,HGDP01296
168,HGDP01330
169,HGDP00812
170,HGDP01213
171,HGDP01340
172,HGDP00811
173,HGDP01033
174,HGDP01090
175,HGDP01021
176,HGDP01289
177,HGDP01023
178,HGDP00917
179,HGDP00776
180,HGDP00774
181,HGDP00815
182,HGDP00779
183,HGDP00818
184,HGDP00784
185,HGDP01318
186,HGDP01100
187,HGDP01290
188,HGDP00975
189,HGDP00974
190,HGDP01196
191,HGDP00786
192,HGDP01181
193,HGDP01354
194,HGDP01294
195,HGDP01352
196,HGDP01348
197,HGDP01322
198,HGDP00977
199,HGDP00780
200,HGDP01287
201,HGDP01292
202,HGDP00976
203,HGDP01224
204,HGDP01184
205,HGDP01334
206,HGDP01321
207,HGDP01101
208,HGDP01353
209,HGDP00817
210,HGDP01180
211,HGDP01195
212,HGDP01341
213,HGDP01319
214,HGDP01311
215,HGDP01193
216,HGDP01104
217,HGDP01187
218,HGDP01347
219,HGDP01197
220,HGDP01349
221,HGDP01351
222,HGDP01328
223,HGDP01295
224,HGDP01288
225,HGDP01329
226,HGDP00747
227,HGDP01293
228,HGDP00973
229,HGDP00762
230,HGDP01185
231,HGDP01331
232,HGDP01103
233,HGDP01317
234,HGDP01346
235,HGDP01342
236,HGDP01238
237,HGDP01326
238,HGDP01356
239,HGDP00958
240,HGDP01247
241,HGDP00766
242,HGDP01233
243,HGDP01207
244,HGDP01336
245,HGDP00819
246,HGDP00382
247,HGDP00946
248,HGDP01332
249,HGDP01337
250,HGDP01222
251,HGDP01291
252,HGDP01183
253,HGDP00822
254,HGDP00755
255,HGDP00966
256,HGDP01304
257,HGDP00716
258,HGDP01182
259,HGDP01230
260,HGDP00965
261,HGDP01194
262,HGDP00376
263,HGDP00364
264,HGDP00954
265,HGDP01234
266,HGDP00712
267,HGDP00962
268,HGDP00754
269,HGDP01232
270,HGDP01102
271,HGDP01204
272,HGDP00100
273,HGDP01303
274,HGDP01206
275,HGDP00772
276,HGDP00099
277,HGDP00371
278,HGDP00758
279,HGDP00765
280,HGDP00750
281,HGDP01229
282,HGDP01237
283,HGDP00756
284,HGDP00751
285,HGDP00828
286,HGDP00108
287,HGDP00115
288,HGDP00790
289,HGDP00109
290,HGDP00963
291,HGDP00356
292,HGDP00392
293,HGDP01221
294,HGDP00953
295,HGDP01209
296,HGDP00950
297,HGDP00719
298,HGDP00104
299,HGDP01249
300,HGDP01218
301,HGDP01251
302,HGDP00960
303,HGDP00964
304,HGDP00771
305,HGDP00957
306,HGDP00968
307,HGDP01220
308,HGDP01212
309,HGDP00761
310,HGDP01205
311,HGDP00351
312,HGDP00372
313,HGDP01241
314,HGDP00760
315,HGDP00961
316,HGDP00769
317,HGDP00757
318,HGDP00952
319,HGDP00721
320,HGDP00021
321,HGDP01231
322,HGDP00969
323,HGDP00039
324,HGDP00764
325,HGDP01305
326,HGDP00060
327,HGDP00035
328,HGDP00791
329,HGDP00234
330,HGDP01227
331,HGDP01236
332,HGDP00110
333,HGDP00173
334,HGDP00955
335,HGDP00106
336,HGDP00285
337,HGDP00047
338,HGDP00049
339,HGDP00031
340,HGDP00438
341,HGDP00199
342,HGDP00313
343,HGDP00066
344,HGDP00239
345,HGDP00013
346,HGDP00323
347,HGDP00070
348,HGDP00262
349,HGDP00224
350,HGDP00304
351,HGDP00098
352,HGDP00043
353,HGDP00181
354,HGDP00247
355,HGDP01361
356,HGDP00445
357,HGDP00423
358,HGDP00189
359,HGDP00243
360,HGDP00033
361,HGDP00011
362,HGDP00210
363,HGDP00082
364,HGDP00258
365,HGDP00315
366,HGDP00052
367,HGDP00074
368,HGDP00185
369,HGDP00072
370,HGDP00192
371,HGDP00244
372,HGDP00277
373,HGDP00412
374,HGDP00092
375,HGDP01358
376,HGDP00228
377,HGDP00264
378,HGDP00290
379,HGDP00330
380,HGDP00003
381,HGDP01359
382,HGDP00417
383,HGDP00025
384,HGDP00139
385,HGDP00536
386,HGDP00539
387,HGDP00205
388,HGDP00183
389,HGDP00402
390,HGDP00169
391,HGDP00080
392,HGDP00096
393,HGDP00015
394,HGDP00141
395,HGDP00879
396,HGDP00086
397,HGDP00298
398,HGDP00146
399,HGDP00251
400,HGDP00902
401,HGDP00150
402,HGDP00226
403,HGDP00309
404,HGDP00153
405,HGDP00519
406,HGDP00512
407,HGDP00088
408,HGDP00145
409,HGDP01357
410,HGDP00134
411,HGDP00137
412,HGDP00201
413,HGDP00880
414,HGDP00513
415,HGDP00900
416,HGDP00898
417,HGDP00527
418,HGDP01363
419,HGDP00524
420,HGDP00511
421,HGDP00154
422,HGDP01404
423,HGDP00143
424,HGDP01384
425,HGDP00899
426,HGDP00901
427,HGDP00177
428,HGDP00886
429,HGDP00078
430,HGDP01388
431,HGDP01360
432,HGDP00520
433,HGDP00149
434,HGDP00522
435,HGDP00535
436,HGDP00523
437,HGDP00518
438,HGDP00158
439,HGDP00094
440,HGDP00531
441,HGDP00537
442,HGDP00528
443,HGDP00151
444,HGDP00516
445,HGDP00895
446,HGDP00133
447,HGDP00891
448,HGDP00076
449,HGDP01362
450,HGDP00529
451,HGDP00883
452,HGDP00515
453,HGDP00140
454,HGDP00882
455,HGDP00538
456,HGDP01400
457,HGDP00148
458,HGDP00155
459,HGDP01398
460,HGDP00131
461,HGDP01382
462,HGDP00144
463,HGDP00884
464,HGDP01376
465,HGDP00889
466,HGDP01397
467,HGDP00896
468,HGDP01386
469,HGDP00525
470,HGDP00890
471,HGDP01403
472,HGDP00893
473,HGDP00897
474,HGDP00517
475,HGDP00799
476,HGDP00885
477,HGDP00161
478,HGDP00892
479,HGDP00888
480,HGDP01074
481,HGDP00881
482,HGDP00671
483,HGDP00514
484,HGDP01157
485,HGDP00894
486,HGDP01164
487,HGDP01156
488,HGDP00561
489,HGDP01073
490,HGDP00563
491,HGDP01399
492,HGDP00797
493,HGDP01375
494,HGDP01065
495,HGDP00572
496,HGDP00573
497,HGDP01066
498,HGDP00808
499,HGDP00583
500,HGDP01166
501,HGDP00807
502,HGDP01387
503,HGDP01367
504,HGDP00534
505,HGDP00670
506,HGDP00582
507,HGDP00579
508,HGDP00649
509,HGDP00651
510,HGDP00691
511,HGDP01071
512,HGDP00700
513,HGDP00590
514,HGDP00668
515,HGDP00632
516,HGDP00675
517,HGDP00803
518,HGDP00575
519,HGDP00794
520,HGDP01173
521,HGDP00565
522,HGDP00741
523,HGDP00674
524,HGDP01068
525,HGDP00646
526,HGDP00122
527,HGDP00248
528,HGDP00254
529,HGDP00179
530,HGDP00241
531,HGDP01075
532,HGDP00581
533,HGDP00045
534,HGDP00578
535,HGDP01366
536,HGDP01070
537,HGDP00868
538,HGDP00970
539,HGDP00631
540,HGDP00870
541,HGDP00546
542,HGDP00661
543,HGDP00682
544,HGDP00653
545,HGDP00129
546,HGDP00604
547,HGDP00684
548,HGDP00639
549,HGDP00620
550,HGDP00800
551,HGDP01171
552,HGDP01169
553,HGDP00802
554,HGDP00566
555,HGDP01149
556,HGDP00626
557,HGDP00102
558,HGDP00767
559,HGDP00326
560,HGDP00120
561,HGDP00175
562,HGDP00333
563,HGDP01155
564,HGDP00667
565,HGDP00863
566,HGDP00588
567,HGDP00556
568,HGDP00787
569,HGDP00858
570,HGDP01001
571,HGDP01161
572,HGDP01063
573,HGDP00912
574,HGDP00595
575,HGDP00621
576,HGDP00623
577,HGDP01269
578,HGDP00685
579,HGDP01067
580,HGDP01167
581,HGDP01069
582,HGDP00696
583,HGDP00687
584,HGDP00121
585,HGDP00388
586,HGDP01248
587,HGDP00698
588,HGDP00037
589,HGDP00307
590,HGDP00407
591,HGDP00259
592,HGDP00571
593,HGDP00873
594,HGDP00663
595,HGDP01041
596,HGDP00999
597,HGDP00704
598,HGDP01277
599,HGDP01152
600,HGDP00708
601,HGDP00869
602,HGDP00909
603,HGDP00641
604,HGDP00591
605,HGDP00643
606,HGDP00676
607,HGDP01369
608,HGDP00640
609,HGDP00810
610,HGDP00673
611,HGDP01379
612,HGDP00577
613,HGDP00686
614,HGDP00614
615,HGDP00732
616,HGDP01268
617,HGDP00054
618,HGDP00191
619,HGDP00311
620,HGDP00669
621,HGDP01072
622,HGDP01162
623,HGDP00995
624,HGDP00876
625,HGDP00854
626,HGDP00875
627,HGDP01056
628,HGDP00752
629,HGDP01058
630,HGDP00753
631,HGDP00832
632,HGDP00727
633,HGDP00679
634,HGDP00688
635,HGDP01260
636,HGDP00635
637,HGDP00672
638,HGDP01378
639,HGDP00557
640,HGDP00678
641,HGDP01254
642,HGDP01217
643,HGDP00638
644,HGDP00618
645,HGDP00949
646,HGDP00759
647,HGDP00230
648,HGDP00068
649,HGDP00029
650,HGDP00553
651,HGDP00615
652,HGDP01309
653,HGDP01060
654,HGDP00628
655,HGDP00859
656,HGDP01053
657,HGDP01027
658,HGDP00805
659,HGDP00872
660,HGDP00594
661,HGDP00624
662,HGDP00598
663,HGDP00647
664,HGDP00735
665,HGDP00699
666,HGDP00602
667,HGDP00586
668,HGDP00648
669,HGDP01239
670,HGDP00690
671,HGDP00017
672,HGDP01270
673,HGDP00444
674,HGDP00197
675,HGDP00560
676,HGDP01059
677,HGDP00849
678,HGDP01276
679,HGDP01262
680,HGDP00906
681,HGDP00625
682,HGDP01282
683,HGDP01373
684,HGDP00607
685,HGDP00683
686,HGDP00738
687,HGDP00739
688,HGDP00629
689,HGDP00746
690,HGDP00619
691,HGDP00636
692,HGDP00574
693,HGDP01370
694,HGDP01077
695,HGDP00587
696,HGDP00599
697,HGDP01174
698,HGDP00637
699,HGDP00677
700,HGDP00748
701,HGDP00171
702,HGDP00041
703,HGDP00023
704,HGDP01372
705,HGDP01151
706,HGDP00558
707,HGDP01275
708,HGDP00454
709,HGDP00860
710,HGDP00455
711,HGDP00549
712,HGDP00861
713,HGDP00551
714,HGDP00611
715,HGDP00730
716,HGDP00745
717,HGDP00564
718,HGDP01377
719,HGDP00666
720,HGDP00959
721,HGDP01271
722,HGDP00433
723,HGDP00397
724,HGDP00237
725,HGDP00806
726,HGDP01177
727,HGDP01302
728,HGDP00804
729,HGDP01019
730,HGDP01055
731,HGDP00729
732,HGDP01010
733,HGDP01014
734,HGDP00871
735,HGDP00862
736,HGDP00634
737,HGDP00693
738,HGDP00644
739,HGDP00613
740,HGDP00654
741,HGDP00734
742,HGDP00645
743,HGDP01267
744,HGDP00701
745,HGDP00733
746,HGDP00744
747,HGDP01208
748,HGDP00302
749,HGDP01380
750,HGDP00795
751,HGDP00913
752,HGDP01258
753,HGDP00864
754,HGDP01339
755,HGDP00568
756,HGDP01280
757,HGDP01261
758,HGDP00622
759,HGDP01264
760,HGDP00692
761,HGDP00736
762,HGDP00612
763,HGDP00740
764,HGDP00584
765,HGDP00600
766,HGDP00627
767,HGDP01374
768,HGDP00542
769,HGDP00559
770,HGDP00838
771,HGDP01301
772,HGDP00642
773,HGDP00694
774,HGDP01259
775,HGDP00187
776,HGDP00274
777,HGDP00281
778,HGDP01263
779,HGDP01057
780,HGDP00606
781,HGDP00601
782,HGDP00689
783,HGDP00697
784,HGDP00064
785,HGDP00222
786,HGDP00007
787,HGDP01062
788,HGDP00567
789,HGDP00967
790,HGDP00206
791,HGDP00865
792,HGDP00731
793,HGDP00664
794,HGDP01266
795,HGDP01265
796,HGDP00630
797,HGDP01064
798,HGDP01272
799,HGDP01279
800,HGDP00680
801,HGDP00521
802,HGDP01284
803,HGDP00456
804,HGDP00778
805,HGDP00927
806,HGDP00998
807,HGDP01307
808,HGDP00665
809,HGDP01079
810,HGDP01078
811,HGDP01323
812,HGDP00616
813,HGDP00725
814,HGDP01338
815,HGDP01333
816,HGDP00449
817,HGDP00476
818,HGDP00027
819,HGDP01345
820,HGDP00548
821,HGDP01402
822,HGDP00737
823,HGDP00232
824,HGDP01246
825,HGDP00773
826,HGDP00749
827,HGDP00597
828,HGDP01198
829,HGDP00058
830,HGDP00785
831,HGDP00903
832,HGDP00540
833,HGDP01098
834,HGDP00706
835,HGDP01253
836,HGDP00569
837,HGDP01240
838,HGDP01315
839,HGDP00160
840,HGDP01364
841,HGDP01032
842,HGDP01153
843,HGDP00932
844,HGDP01047
845,HGDP00338
846,HGDP00846
847,HGDP00991
848,HGDP00936
849,HGDP01274
850,HGDP01030
851,HGDP00660
852,HGDP00216
853,HGDP00656
854,HGDP01076
855,HGDP01286
856,HGDP01044
857,HGDP01242
858,HGDP01417
859,HGDP00956
860,HGDP01320
861,HGDP01179
862,HGDP00124
863,HGDP01034
864,HGDP01414
865,HGDP01308
866,HGDP00090
867,HGDP00195
868,HGDP01188
869,HGDP01250
870,HGDP00474
871,HGDP01199
872,HGDP01018
873,HGDP00650
874,HGDP00157
875,HGDP00286
876,HGDP01036
877,HGDP00526
878,HGDP00717
879,HGDP00783
880,HGDP01401
881,HGDP01365
882,HGDP00722
883,HGDP00887
884,HGDP01335
885,HGDP01306
886,HGDP00982
887,HGDP00987
888,HGDP00951
889,HGDP00713
890,HGDP00775
891,HGDP01172
892,HGDP00533
893,HGDP01163
894,HGDP01035
895,HGDP01215
896,HGDP00428
897,HGDP00552
898,HGDP01350
899,HGDP00855
900,HGDP01015
901,HGDP00852
902,HGDP01314
903,HGDP00702
904,HGDP00208
905,HGDP01095
906,HGDP01012
907,HGDP01223
908,HGDP01228
909,HGDP01168
910,HGDP00554
911,HGDP00125
912,HGDP01028
913,HGDP01297
914,HGDP01191
915,HGDP00328
916,HGDP00019
917,HGDP00461
918,HGDP01312
919,HGDP00915
920,HGDP00928
921,HGDP00530
922,HGDP00857
923,HGDP00457
924,HGDP01355
925,HGDP01211
926,HGDP00798
927,HGDP01203
928,HGDP00796
929,HG00096
930,HG00097
931,HG00099
932,HG00100
933,HG00101
934,HG00102
935,HG00103
936,HG00104
937,HG00105
938,HG00106
939,HG00107
940,HG00108
941,HG00109
942,HG00110
943,HG00111
944,HG00112
945,HG00113
946,HG00114
947,HG00115
948,HG00116
949,HG00117
950,HG00118
951,HG00119
952,HG00120
953,HG00121
954,HG00122
955,HG00123
956,HG00125
957,HG00126
958,HG00127
959,HG00128
960,HG00129
961,HG00130
962,HG00131
963,HG00132
964,HG00133
965,HG00134
966,HG00135
967,HG00136
968,HG00137
969,HG00138
970,HG00139
971,HG00140
972,HG00141
973,HG00142
974,HG00143
975,HG00145
976,HG00146
977,HG00148
978,HG00149
979,HG00150
980,HG00151
981,HG00152
982,HG00154
983,HG00155
984,HG00156
985,HG00157
986,HG00158
987,HG00159
988,HG00160
989,HG00171
990,HG00173
991,HG00174
992,HG00176
993,HG00177
994,HG00178
995,HG00179
996,HG00180
997,HG00181
998,HG00182
999,HG00183
1000,HG00185
1001,HG00186
1002,HG00187
1003,HG00188
1004,HG00189
1005,HG00190
1006,HG00231
1007,HG00232
1008,HG00233
1009,HG00234
1010,HG00235
1011,HG00236
1012,HG00237
1013,HG00238
1014,HG00239
1015,HG00240
1016,HG00242
1017,HG00243
1018,HG00244
1019,HG00245
1020,HG00246
1021,HG00249
1022,HG00250
1023,HG00251
1024,HG00252
1025,HG00253
1026,HG00254
1027,HG00255
1028,HG00256
1029,HG00257
1030,HG00258
1031,HG00259
1032,HG00260
1033,HG00261
1034,HG00262
1035,HG00263
1036,HG00264
1037,HG00265
1038,HG00266
1039,HG00267
1040,HG00268
1041,HG00269
1042,HG00270
1043,HG00271
1044,HG00272
1045,HG00273
1046,HG00274
1047,HG00275
1048,HG00276
1049,HG00277
1050,HG00278
1051,HG00280
1052,HG00281
1053,HG00282
1054,HG00284
1055,HG00285
1056,HG00288
1057,HG00290
1058,HG00302
1059,HG00303
1060,HG00304
1061,HG00306
1062,HG00308
1063,HG00309
1064,HG00310
1065,HG00311
1066,HG00312
1067,HG00313
1068,HG00315
1069,HG00318
1070,HG00319
1071,HG00320
1072,HG00321
1073,HG00323
1074,HG00324
1075,HG00325
1076,HG00326
1077,HG00327
1078,HG00328
1079,HG00329
1080,HG00330
1081,HG00331
1082,HG00332
1083,HG00334
1084,HG00335
1085,HG00336
1086,HG00337
1087,HG00338
1088,HG00339
1089,HG00341
1090,HG00342
1091,HG00343
1092,HG00344
1093,HG00345
1094,HG00346
1095,HG00349
1096,HG00350
1097,HG00351
1098,HG00353
1099,HG00355
1100,HG00356
1101,HG00357
1102,HG00358
1103,HG00359
1104,HG00360
1105,HG00361
1106,HG00362
1107,HG00364
1108,HG00365
1109,HG00366
1110,HG00367
1111,HG00368
1112,HG00369
1113,HG00371
1114,HG00372
1115,HG00373
1116,HG00375
1117,HG00376
1118,HG00377
1119,HG00378
1120,HG00379
1121,HG00380
1122,HG00381
1123,HG00382
1124,HG00383
1125,HG00384
1126,HG00403
1127,HG00404
1128,HG00406
1129,HG00407
1130,HG00409
1131,HG00410
1132,HG00419
1133,HG00421
1134,HG00422
1135,HG00428
1136,HG00436
1137,HG00437
1138,HG00442
1139,HG00443
1140,HG00445
1141,HG00446
1142,HG00448
1143,HG00449
1144,HG00451
1145,HG00452
1146,HG00457
1147,HG00458
1148,HG00463
1149,HG00464
1150,HG00472
1151,HG00473
1152,HG00475
1153,HG00476
1154,HG00478
1155,HG00479
1156,HG00500
1157,HG00513
1158,HG00524
1159,HG00525
1160,HG00530
1161,HG00531
1162,HG00533
1163,HG00534
1164,HG00536
1165,HG00537
1166,HG00542
1167,HG00543
1168,HG00551
1169,HG00553
1170,HG00554
1171,HG00556
1172,HG00557
1173,HG00559
1174,HG00560
1175,HG00565
1176,HG00566
1177,HG00580
1178,HG00581
1179,HG00583
1180,HG00584
1181,HG00589
1182,HG00590
1183,HG00592
1184,HG00593
1185,HG00595
1186,HG00596
1187,HG00598
1188,HG00599
1189,HG00607
1190,HG00608
1191,HG00610
1192,HG00611
1193,HG00613
1194,HG00614
1195,HG00619
1196,HG00620
1197,HG00622
1198,HG00623
1199,HG00625
1200,HG00626
1201,HG00628
1202,HG00629
1203,HG00631
1204,HG00632
1205,HG00634
1206,HG00637
1207,HG00638
1208,HG00640
1209,HG00641
1210,HG00650
1211,HG00651
1212,HG00653
1213,HG00654
1214,HG00656
1215,HG00657
1216,HG00662
1217,HG00663
1218,HG00671
1219,HG00672
1220,HG00674
1221,HG00675
1222,HG00683
1223,HG00684
1224,HG00689
1225,HG00690
1226,HG00692
1227,HG00693
1228,HG00698
1229,HG00699
1230,HG00701
1231,HG00704
1232,HG00705
1233,HG00707
1234,HG00708
1235,HG00717
1236,HG00728
1237,HG00729
1238,HG00731
1239,HG00732
1240,HG00734
1241,HG00736
1242,HG00737
1243,HG00739
1244,HG00740
1245,HG00742
1246,HG00743
1247,HG00759
1248,HG00766
1249,HG00844
1250,HG00851
1251,HG00864
1252,HG00867
1253,HG00879
1254,HG00881
1255,HG00956
1256,HG00978
1257,HG00982
1258,HG01028
1259,HG01029
1260,HG01031
1261,HG01046
1262,HG01047
1263,HG01048
1264,HG01049
1265,HG01051
1266,HG01052
1267,HG01054
1268,HG01055
1269,HG01058
1270,HG01060
1271,HG01061
1272,HG01063
1273,HG01064
1274,HG01066
1275,HG01067
1276,HG01069
1277,HG01070
1278,HG01072
1279,HG01073
1280,HG01075
1281,HG01077
1282,HG01079
1283,HG01080
1284,HG01082
1285,HG01083
1286,HG01085
1287,HG01086
1288,HG01088
1289,HG01089
1290,HG01092
1291,HG01094
1292,HG01095
1293,HG01097
1294,HG01098
1295,HG01101
1296,HG01102
1297,HG01104
1298,HG01105
1299,HG01107
1300,HG01108
1301,HG01110
1302,HG01111
1303,HG01112
1304,HG01113
1305,HG01119
1306,HG01121
1307,HG01122
1308,HG01124
1309,HG01125
1310,HG01130
1311,HG01131
1312,HG01133
1313,HG01134
1314,HG01136
1315,HG01137
1316,HG01139
1317,HG01140
1318,HG01142
1319,HG01148
1320,HG01149
1321,HG01161
1322,HG01162
1323,HG01164
1324,HG01167
1325,HG01168
1326,HG01170
1327,HG01171
1328,HG01173
1329,HG01174
1330,HG01176
1331,HG01177
1332,HG01182
1333,HG01183
1334,HG01187
1335,HG01188
1336,HG01190
1337,HG01191
1338,HG01197
1339,HG01198
1340,HG01200
1341,HG01204
1342,HG01205
1343,HG01241
1344,HG01242
1345,HG01247
1346,HG01248
1347,HG01250
1348,HG01251
1349,HG01253
1350,HG01254
1351,HG01256
1352,HG01257
1353,HG01259
1354,HG01260
1355,HG01269
1356,HG01271
1357,HG01272
1358,HG01275
1359,HG01277
1360,HG01280
1361,HG01281
1362,HG01284
1363,HG01286
1364,HG01302
1365,HG01303
1366,HG01305
1367,HG01308
1368,HG01311
1369,HG01312
1370,HG01323
1371,HG01325
1372,HG01326
1373,HG01334
1374,HG01341
1375,HG01342
1376,HG01344
1377,HG01345
1378,HG01348
1379,HG01350
1380,HG01351
1381,HG01353
1382,HG01354
1383,HG01356
1384,HG01357
1385,HG01359
1386,HG01360
1387,HG01362
1388,HG01363
1389,HG01365
1390,HG01366
1391,HG01369
1392,HG01372
1393,HG01374
1394,HG01375
1395,HG01377
1396,HG01378
1397,HG01383
1398,HG01384
1399,HG01389
1400,HG01390
1401,HG01392
1402,HG01393
1403,HG01395
1404,HG01396
1405,HG01398
1406,HG01402
1407,HG01403
1408,HG01405
1409,HG01412
1410,HG01413
1411,HG01414
1412,HG01431
1413,HG01432
1414,HG01435
1415,HG01437
1416,HG01438
1417,HG01440
1418,HG01441
1419,HG01443
1420,HG01444
1421,HG01447
1422,HG01455
1423,HG01456
1424,HG01459
1425,HG01461
1426,HG01462
1427,HG01464
1428,HG01465
1429,HG01468
1430,HG01471
1431,HG01474
1432,HG01479
1433,HG01485
1434,HG01486
1435,HG01488
1436,HG01489
1437,HG01491
1438,HG01492
1439,HG01494
1440,HG01495
1441,HG01497
1442,HG01498
1443,HG01500
1444,HG01501
1445,HG01503
1446,HG01504
1447,HG01506
1448,HG01507
1449,HG01509
1450,HG01510
1451,HG01512
1452,HG01513
1453,HG01515
1454,HG01516
1455,HG01518
1456,HG01519
1457,HG01521
1458,HG01522
1459,HG01524
1460,HG01525
1461,HG01527
1462,HG01528
1463,HG01530
1464,HG01531
1465,HG01536
1466,HG01537
1467,HG01550
1468,HG01551
1469,HG01556
1470,HG01565
1471,HG01566
1472,HG01571
1473,HG01572
1474,HG01577
1475,HG01578
1476,HG01583
1477,HG01586
1478,HG01589
1479,HG01593
1480,HG01595
1481,HG01596
1482,HG01597
1483,HG01598
1484,HG01599
1485,HG01600
1486,HG01602
1487,HG01603
1488,HG01605
1489,HG01606
1490,HG01607
1491,HG01608
1492,HG01610
1493,HG01612
1494,HG01613
1495,HG01615
1496,HG01617
1497,HG01618
1498,HG01619
1499,HG01620
1500,HG01623
1501,HG01624
1502,HG01625
1503,HG01626
1504,HG01628
1505,HG01630
1506,HG01631
1507,HG01632
1508,HG01668
1509,HG01669
1510,HG01670
1511,HG01672
1512,HG01673
1513,HG01675
1514,HG01676
1515,HG01678
1516,HG01679
1517,HG01680
1518,HG01682
1519,HG01684
1520,HG01685
1521,HG01686
1522,HG01694
1523,HG01695
1524,HG01697
1525,HG01699
1526,HG01700
1527,HG01702
1528,HG01704
1529,HG01705
1530,HG01707
1531,HG01708
1532,HG01709
1533,HG01710
1534,HG01746
1535,HG01747
1536,HG01756
1537,HG01757
1538,HG01761
1539,HG01762
1540,HG01765
1541,HG01766
1542,HG01767
1543,HG01768
1544,HG01770
1545,HG01771
1546,HG01773
1547,HG01775
1548,HG01776
1549,HG01777
1550,HG01779
1551,HG01781
1552,HG01783
1553,HG01784
1554,HG01785
1555,HG01786
1556,HG01789
1557,HG01790
1558,HG01791
1559,HG01794
1560,HG01795
1561,HG01796
1562,HG01797
1563,HG01798
1564,HG01799
1565,HG01800
1566,HG01801
1567,HG01802
1568,HG01804
1569,HG01805
1570,HG01806
1571,HG01807
1572,HG01808
1573,HG01809
1574,HG01810
1575,HG01811
1576,HG01812
1577,HG01813
1578,HG01815
1579,HG01816
1580,HG01817
1581,HG01840
1582,HG01841
1583,HG01842
1584,HG01843
1585,HG01844
1586,HG01845
1587,HG01846
1588,HG01847
1589,HG01848
1590,HG01849
1591,HG01850
1592,HG01851
1593,HG01852
1594,HG01853
1595,HG01855
1596,HG01857
1597,HG01858
1598,HG01859
1599,HG01860
1600,HG01861
1601,HG01862
1602,HG01863
1603,HG01864
1604,HG01865
1605,HG01866
1606,HG01867
1607,HG01868
1608,HG01869
1609,HG01870
1610,HG01871
1611,HG01872
1612,HG01873
1613,HG01874
1614,HG01878
1615,HG01879
1616,HG01880
1617,HG01882
1618,HG01883
1619,HG01885
1620,HG01886
1621,HG01889
1622,HG01890
1623,HG01892
1624,HG01893
1625,HG01894
1626,HG01896
1627,HG01912
1628,HG01914
1629,HG01915
1630,HG01917
1631,HG01918
1632,HG01920
1633,HG01921
1634,HG01923
1635,HG01924
1636,HG01926
1637,HG01927
1638,HG01932
1639,HG01933
1640,HG01935
1641,HG01936
1642,HG01938
1643,HG01939
1644,HG01941
1645,HG01942
1646,HG01944
1647,HG01945
1648,HG01947
1649,HG01948
1650,HG01950
1651,HG01951
1652,HG01953
1653,HG01954
1654,HG01956
1655,HG01958
1656,HG01961
1657,HG01965
1658,HG01967
1659,HG01968
1660,HG01970
1661,HG01971
1662,HG01973
1663,HG01974
1664,HG01976
1665,HG01977
1666,HG01979
1667,HG01980
1668,HG01982
1669,HG01985
1670,HG01986
1671,HG01988
1672,HG01989
1673,HG01990
1674,HG01991
1675,HG01992
1676,HG01997
1677,HG02002
1678,HG02003
1679,HG02006
1680,HG02008
1681,HG02009
1682,HG02010
1683,HG02012
1684,HG02013
1685,HG02014
1686,HG02016
1687,HG02017
1688,HG02019
1689,HG02020
1690,HG02023
1691,HG02025
1692,HG02026
1693,HG02028
1694,HG02029
1695,HG02031
1696,HG02032
1697,HG02035
1698,HG02040
1699,HG02047
1700,HG02048
1701,HG02049
1702,HG02050
1703,HG02051
1704,HG02052
1705,HG02053
1706,HG02054
1707,HG02057
1708,HG02058
1709,HG02060
1710,HG02061
1711,HG02064
1712,HG02067
1713,HG02069
1714,HG02070
1715,HG02072
1716,HG02073
1717,HG02075
1718,HG02076
1719,HG02078
1720,HG02079
1721,HG02081
1722,HG02082
1723,HG02084
1724,HG02085
1725,HG02086
1726,HG02087
1727,HG02088
1728,HG02089
1729,HG02090
1730,HG02095
1731,HG02102
1732,HG02104
1733,HG02105
1734,HG02107
1735,HG02108
1736,HG02111
1737,HG02113
1738,HG02116
1739,HG02121
1740,HG02122
1741,HG02127
1742,HG02128
1743,HG02130
1744,HG02131
1745,HG02133
1746,HG02134
1747,HG02136
1748,HG02137
1749,HG02138
1750,HG02139
1751,HG02140
1752,HG02141
1753,HG02142
1754,HG02143
1755,HG02144
1756,HG02146
1757,HG02147
1758,HG02150
1759,HG02151
1760,HG02152
1761,HG02153
1762,HG02154
1763,HG02155
1764,HG02156
1765,HG02164
1766,HG02165
1767,HG02166
1768,HG02168
1769,HG02169
1770,HG02170
1771,HG02173
1772,HG02176
1773,HG02178
1774,HG02179
1775,HG02180
1776,HG02181
1777,HG02182
1778,HG02184
1779,HG02185
1780,HG02186
1781,HG02187
1782,HG02188
1783,HG02190
1784,HG02215
1785,HG02219
1786,HG02220
1787,HG02221
1788,HG02223
1789,HG02224
1790,HG02230
1791,HG02231
1792,HG02232
1793,HG02233
1794,HG02235
1795,HG02236
1796,HG02238
1797,HG02239
1798,HG02250
1799,HG02252
1800,HG02253
1801,HG02255
1802,HG02256
1803,HG02259
1804,HG02260
1805,HG02262
1806,HG02265
1807,HG02266
1808,HG02271
1809,HG02272
1810,HG02274
1811,HG02275
1812,HG02277
1813,HG02278
1814,HG02281
1815,HG02282
1816,HG02283
1817,HG02284
1818,HG02285
1819,HG02286
1820,HG02291
1821,HG02292
1822,HG02298
1823,HG02299
1824,HG02301
1825,HG02304
1826,HG02307
1827,HG02308
1828,HG02309
1829,HG02312
1830,HG02314
1831,HG02315
1832,HG02317
1833,HG02318
1834,HG02322
1835,HG02323
1836,HG02325
1837,HG02330
1838,HG02332
1839,HG02334
1840,HG02337
1841,HG02339
1842,HG02343
1843,HG02345
1844,HG02348
1845,HG02351
1846,HG02353
1847,HG02355
1848,HG02356
1849,HG02358
1850,HG02360
1851,HG02364
1852,HG02367
1853,HG02371
1854,HG02373
1855,HG02374
1856,HG02375
1857,HG02379
1858,HG02380
1859,HG02382
1860,HG02383
1861,HG02384
1862,HG02385
1863,HG02386
1864,HG02389
1865,HG02390
1866,HG02391
1867,HG02392
1868,HG02394
1869,HG02395
1870,HG02396
1871,HG02397
1872,HG02398
1873,HG02399
1874,HG02401
1875,HG02402
1876,HG02405
1877,HG02406
1878,HG02407
1879,HG02408
1880,HG02409
1881,HG02410
1882,HG02419
1883,HG02420
1884,HG02425
1885,HG02427
1886,HG02429
1887,HG02433
1888,HG02436
1889,HG02439
1890,HG02442
1891,HG02445
1892,HG02449
1893,HG02450
1894,HG02455
1895,HG02461
1896,HG02462
1897,HG02464
1898,HG02465
1899,HG02470
1900,HG02471
1901,HG02476
1902,HG02477
1903,HG02479
1904,HG02481
1905,HG02484
1906,HG02485
1907,HG02489
1908,HG02490
1909,HG02491
1910,HG02493
1911,HG02494
1912,HG02496
1913,HG02497
1914,HG02501
1915,HG02502
1916,HG02505
1917,HG02508
1918,HG02511
1919,HG02512
1920,HG02513
1921,HG02521
1922,HG02522
1923,HG02536
1924,HG02537
1925,HG02541
1926,HG02545
1927,HG02546
1928,HG02549
1929,HG02554
1930,HG02555
1931,HG02557
1932,HG02558
1933,HG02561
1934,HG02562
1935,HG02568
1936,HG02570
1937,HG02571
1938,HG02573
1939,HG02574
1940,HG02577
1941,HG02580
1942,HG02582
1943,HG02583
1944,HG02585
1945,HG02586
1946,HG02588
1947,HG02589
1948,HG02594
1949,HG02595
1950,HG02597
1951,HG02600
1952,HG02601
1953,HG02603
1954,HG02604
1955,HG02610
1956,HG02611
1957,HG02613
1958,HG02614
1959,HG02620
1960,HG02621
1961,HG02623
1962,HG02624
1963,HG02628
1964,HG02629
1965,HG02634
1966,HG02635
1967,HG02642
1968,HG02643
1969,HG02645
1970,HG02646
1971,HG02648
1972,HG02649
1973,HG02651
1974,HG02652
1975,HG02654
1976,HG02655
1977,HG02657
1978,HG02658
1979,HG02660
1980,HG02661
1981,HG02666
1982,HG02667
1983,HG02675
1984,HG02676
1985,HG02678
1986,HG02679
1987,HG02681
1988,HG02682
1989,HG02684
1990,HG02685
1991,HG02687
1992,HG02688
1993,HG02690
1994,HG02691
1995,HG02694
1996,HG02696
1997,HG02697
1998,HG02699
1999,HG02700
2000,HG02702
2001,HG02703
2002,HG02715
2003,HG02716
2004,HG02721
2005,HG02722
2006,HG02724
2007,HG02725
2008,HG02727
2009,HG02728
2010,HG02731
2011,HG02733
2012,HG02734
2013,HG02736
2014,HG02737
2015,HG02756
2016,HG02757
2017,HG02759
2018,HG02760
2019,HG02763
2020,HG02768
2021,HG02769
2022,HG02771
2023,HG02772
2024,HG02774
2025,HG02775
2026,HG02778
2027,HG02780
2028,HG02783
2029,HG02784
2030,HG02786
2031,HG02787
2032,HG02789
2033,HG02790
2034,HG02792
2035,HG02793
2036,HG02798
2037,HG02799
2038,HG02804
2039,HG02805
2040,HG02807
2041,HG02808
2042,HG02810
2043,HG02811
2044,HG02813
2045,HG02814
2046,HG02816
2047,HG02817
2048,HG02819
2049,HG02820
2050,HG02836
2051,HG02837
2052,HG02839
2053,HG02840
2054,HG02851
2055,HG02852
2056,HG02854
2057,HG02855
2058,HG02860
2059,HG02861
2060,HG02870
2061,HG02878
2062,HG02879
2063,HG02881
2064,HG02882
2065,HG02884
2066,HG02885
2067,HG02887
2068,HG02888
2069,HG02890
2070,HG02891
2071,HG02895
2072,HG02896
2073,HG02922
2074,HG02923
2075,HG02938
2076,HG02941
2077,HG02943
2078,HG02944
2079,HG02946
2080,HG02947
2081,HG02952
2082,HG02953
2083,HG02968
2084,HG02970
2085,HG02971
2086,HG02973
2087,HG02974
2088,HG02976
2089,HG02977
2090,HG02979
2091,HG02981
2092,HG02982
2093,HG02983
2094,HG03006
2095,HG03007
2096,HG03009
2097,HG03012
2098,HG03015
2099,HG03016
2100,HG03018
2101,HG03019
2102,HG03021
2103,HG03022
2104,HG03024
2105,HG03025
2106,HG03027
2107,HG03028
2108,HG03039
2109,HG03040
2110,HG03045
2111,HG03046
2112,HG03048
2113,HG03049
2114,HG03052
2115,HG03054
2116,HG03055
2117,HG03057
2118,HG03058
2119,HG03060
2120,HG03061
2121,HG03063
2122,HG03064
2123,HG03066
2124,HG03069
2125,HG03072
2126,HG03073
2127,HG03074
2128,HG03077
2129,HG03078
2130,HG03079
2131,HG03081
2132,HG03082
2133,HG03084
2134,HG03085
2135,HG03086
2136,HG03088
2137,HG03091
2138,HG03095
2139,HG03096
2140,HG03097
2141,HG03099
2142,HG03100
2143,HG03103
2144,HG03105
2145,HG03108
2146,HG03109
2147,HG03111
2148,HG03112
2149,HG03114
2150,HG03115
2151,HG03117
2152,HG03118
2153,HG03120
2154,HG03121
2155,HG03123
2156,HG03124
2157,HG03126
2158,HG03127
2159,HG03129
2160,HG03130
2161,HG03132
2162,HG03133
2163,HG03135
2164,HG03136
2165,HG03139
2166,HG03157
2167,HG03159
2168,HG03160
2169,HG03162
2170,HG03163
2171,HG03166
2172,HG03168
2173,HG03169
2174,HG03171
2175,HG03172
2176,HG03175
2177,HG03189
2178,HG03190
2179,HG03193
2180,HG03195
2181,HG03196
2182,HG03198
2183,HG03199
2184,HG03202
2185,HG03209
2186,HG03212
2187,HG03224
2188,HG03225
2189,HG03228
2190,HG03229
2191,HG03234
2192,HG03235
2193,HG03237
2194,HG03238
2195,HG03240
2196,HG03241
2197,HG03246
2198,HG03247
2199,HG03258
2200,HG03259
2201,HG03265
2202,HG03267
2203,HG03268
2204,HG03270
2205,HG03271
2206,HG03279
2207,HG03280
2208,HG03291
2209,HG03294
2210,HG03295
2211,HG03297
2212,HG03298
2213,HG03300
2214,HG03301
2215,HG03303
2216,HG03304
2217,HG03311
2218,HG03313
2219,HG03342
2220,HG03343
2221,HG03351
2222,HG03352
2223,HG03354
2224,HG03363
2225,HG03366
2226,HG03367
2227,HG03369
2228,HG03370
2229,HG03372
2230,HG03376
2231,HG03378
2232,HG03380
2233,HG03382
2234,HG03385
2235,HG03388
2236,HG03391
2237,HG03393
2238,HG03394
2239,HG03397
2240,HG03398
2241,HG03401
2242,HG03410
2243,HG03419
2244,HG03428
2245,HG03431
2246,HG03432
2247,HG03433
2248,HG03436
2249,HG03437
2250,HG03439
2251,HG03442
2252,HG03445
2253,HG03446
2254,HG03449
2255,HG03451
2256,HG03452
2257,HG03455
2258,HG03457
2259,HG03458
2260,HG03460
2261,HG03461
2262,HG03462
2263,HG03464
2264,HG03469
2265,HG03470
2266,HG03472
2267,HG03473
2268,HG03476
2269,HG03478
2270,HG03479
2271,HG03484
2272,HG03485
2273,HG03488
2274,HG03490
2275,HG03491
2276,HG03499
2277,HG03511
2278,HG03514
2279,HG03515
2280,HG03517
2281,HG03518
2282,HG03520
2283,HG03521
2284,HG03538
2285,HG03539
2286,HG03547
2287,HG03548
2288,HG03549
2289,HG03556
2290,HG03557
2291,HG03558
2292,HG03559
2293,HG03563
2294,HG03565
2295,HG03567
2296,HG03571
2297,HG03572
2298,HG03575
2299,HG03577
2300,HG03578
2301,HG03583
2302,HG03585
2303,HG03589
2304,HG03593
2305,HG03594
2306,HG03595
2307,HG03598
2308,HG03600
2309,HG03603
2310,HG03604
2311,HG03607
2312,HG03611
2313,HG03615
2314,HG03616
2315,HG03619
2316,HG03624
2317,HG03625
2318,HG03629
2319,HG03631
2320,HG03634
2321,HG03636
2322,HG03640
2323,HG03642
2324,HG03643
2325,HG03644
2326,HG03645
2327,HG03646
2328,HG03649
2329,HG03652
2330,HG03653
2331,HG03660
2332,HG03663
2333,HG03667
2334,HG03668
2335,HG03672
2336,HG03673
2337,HG03679
2338,HG03680
2339,HG03681
2340,HG03684
2341,HG03685
2342,HG03686
2343,HG03687
2344,HG03689
2345,HG03690
2346,HG03691
2347,HG03692
2348,HG03693
2349,HG03694
2350,HG03695
2351,HG03696
2352,HG03697
2353,HG03698
2354,HG03702
2355,HG03703
2356,HG03705
2357,HG03706
2358,HG03708
2359,HG03709
2360,HG03711
2361,HG03713
2362,HG03714
2363,HG03716
2364,HG03717
2365,HG03718
2366,HG03720
2367,HG03722
2368,HG03727
2369,HG03729
2370,HG03730
2371,HG03731
2372,HG03733
2373,HG03736
2374,HG03738
2375,HG03740
2376,HG03741
2377,HG03742
2378,HG03743
2379,HG03744
2380,HG03745
2381,HG03746
2382,HG03750
2383,HG03752
2384,HG03753
2385,HG03754
2386,HG03755
2387,HG03756
2388,HG03757
2389,HG03760
2390,HG03762
2391,HG03765
2392,HG03767
2393,HG03770
2394,HG03771
2395,HG03772
2396,HG03773
2397,HG03774
2398,HG03775
2399,HG03777
2400,HG03778
2401,HG03779
2402,HG03780
2403,HG03781
2404,HG03782
2405,HG03784
2406,HG03785
2407,HG03786
2408,HG03787
2409,HG03788
2410,HG03789
2411,HG03790
2412,HG03792
2413,HG03793
2414,HG03796
2415,HG03800
2416,HG03802
2417,HG03803
2418,HG03805
2419,HG03808
2420,HG03809
2421,HG03812
2422,HG03814
2423,HG03815
2424,HG03817
2425,HG03821
2426,HG03823
2427,HG03824
2428,HG03826
2429,HG03829
2430,HG03830
2431,HG03832
2432,HG03833
2433,HG03836
2434,HG03837
2435,HG03838
2436,HG03844
2437,HG03846
2438,HG03848
2439,HG03849
2440,HG03850
2441,HG03851
2442,HG03854
2443,HG03856
2444,HG03857
2445,HG03858
2446,HG03861
2447,HG03862
2448,HG03863
2449,HG03864
2450,HG03866
2451,HG03867
2452,HG03868
2453,HG03869
2454,HG03870
2455,HG03871
2456,HG03872
2457,HG03873
2458,HG03874
2459,HG03875
2460,HG03882
2461,HG03884
2462,HG03885
2463,HG03886
2464,HG03887
2465,HG03888
2466,HG03890
2467,HG03894
2468,HG03895
2469,HG03896
2470,HG03897
2471,HG03898
2472,HG03899
2473,HG03900
2474,HG03902
2475,HG03905
2476,HG03907
2477,HG03908
2478,HG03910
2479,HG03911
2480,HG03913
2481,HG03914
2482,HG03916
2483,HG03917
2484,HG03919
2485,HG03920
2486,HG03922
2487,HG03925
2488,HG03926
2489,HG03928
2490,HG03931
2491,HG03934
2492,HG03937
2493,HG03940
2494,HG03941
2495,HG03943
2496,HG03944
2497,HG03945
2498,HG03947
2499,HG03949
2500,HG03950
2501,HG03951
2502,HG03953
2503,HG03955
2504,HG03960
2505,HG03963
2506,HG03965
2507,HG03967
2508,HG03968
2509,HG03969
2510,HG03971
2511,HG03973
2512,HG03974
2513,HG03976
2514,HG03977
2515,HG03978
2516,HG03985
2517,HG03986
2518,HG03989
2519,HG03990
2520,HG03991
2521,HG03995
2522,HG03998
2523,HG03999
2524,HG04001
2525,HG04002
2526,HG04003
2527,HG04006
2528,HG04014
2529,HG04015
2530,HG04017
2531,HG04018
2532,HG04019
2533,HG04020
2534,HG04022
2535,HG04023
2536,HG04025
2537,HG04026
2538,HG04029
2539,HG04033
2540,HG04035
2541,HG04038
2542,HG04039
2543,HG04042
2544,HG04047
2545,HG04054
2546,HG04056
2547,HG04059
2548,HG04060
2549,HG04061
2550,HG04062
2551,HG04063
2552,HG04070
2553,HG04075
2554,HG04076
2555,HG04080
2556,HG04090
2557,HG04093
2558,HG04094
2559,HG04096
2560,HG04098
2561,HG04099
2562,HG04100
2563,HG04106
2564,HG04107
2565,HG04118
2566,HG04131
2567,HG04134
2568,HG04140
2569,HG04141
2570,HG04144
2571,HG04146
2572,HG04152
2573,HG04153
2574,HG04155
2575,HG04156
2576,HG04158
2577,HG04159
2578,HG04161
2579,HG04162
2580,HG04164
2581,HG04171
2582,HG04173
2583,HG04176
2584,HG04177
2585,HG04180
2586,HG04182
2587,HG04183
2588,HG04185
2589,HG04186
2590,HG04188
2591,HG04189
2592,HG04194
2593,HG04195
2594,HG04198
2595,HG04200
2596,HG04202
2597,HG04206
2598,HG04209
2599,HG04210
2600,HG04211
2601,HG04212
2602,HG04214
2603,HG04216
2604,HG04219
2605,HG04222
2606,HG04225
2607,HG04227
2608,HG04229
2609,HG04235
2610,HG04238
2611,HG04239
2612,HG04301
2613,HG04302
2614,HG04303
2615,NA06984
2616,NA06985
2617,NA06986
2618,NA06989
2619,NA06994
2620,NA07000
2621,NA07037
2622,NA07048
2623,NA07051
2624,NA07056
2625,NA07347
2626,NA07357
2627,NA10847
2628,NA10851
2629,NA11829
2630,NA11830
2631,NA11831
2632,NA11832
2633,NA11840
2634,NA11843
2635,NA11881
2636,NA11892
2637,NA11893
2638,NA11894
2639,NA11918
2640,NA11919
2641,NA11920
2642,NA11930
2643,NA11931
2644,NA11932
2645,NA11933
2646,NA11992
2647,NA11994
2648,NA11995
2649,NA12003
2650,NA12004
2651,NA12005
2652,NA12006
2653,NA12043
2654,NA12044
2655,NA12045
2656,NA12046
2657,NA12058
2658,NA12144
2659,NA12154
2660,NA12155
2661,NA12156
2662,NA12234
2663,NA12249
2664,NA12272
2665,NA12273
2666,NA12275
2667,NA12282
2668,NA12283
2669,NA12286
2670,NA12287
2671,NA12340
2672,NA12341
2673,NA12342
2674,NA12347
2675,NA12348
2676,NA12383
2677,NA12399
2678,NA12400
2679,NA12413
2680,NA12414
2681,NA12489
2682,NA12546
2683,NA12716
2684,NA12717
2685,NA12718
2686,NA12748
2687,NA12749
2688,NA12750
2689,NA12751
2690,NA12760
2691,NA12761
2692,NA12762
2693,NA12763
2694,NA12775
2695,NA12776
2696,NA12777
2697,NA12778
2698,NA12812
2699,NA12813
2700,NA12814
2701,NA12815
2702,NA12827
2703,NA12828
2704,NA12829
2705,NA12830
2706,NA12842
2707,NA12843
2708,NA12872
2709,NA12873
2710,NA12874
2711,NA12878
2712,NA12889
2713,NA12890
2714,NA18486
2715,NA18488
2716,NA18489
2717,NA18499
2718,NA18501
2719,NA18502
2720,NA18504
2721,NA18505
2722,NA18507
2723,NA18508
2724,NA18510
2725,NA18511
2726,NA18516
2727,NA18517
2728,NA18519
2729,NA18520
2730,NA18522
2731,NA18523
2732,NA18525
2733,NA18526
2734,NA18527
2735,NA18528
2736,NA18530
2737,NA18531
2738,NA18532
2739,NA18533
2740,NA18534
2741,NA18535
2742,NA18536
2743,NA18537
2744,NA18538
2745,NA18539
2746,NA18541
2747,NA18542
2748,NA18543
2749,NA18544
2750,NA18545
2751,NA18546
2752,NA18547
2753,NA18548
2754,NA18549
2755,NA18550
2756,NA18552
2757,NA18553
2758,NA18555
2759,NA18557
2760,NA18558
2761,NA18559
2762,NA18560
2763,NA18561
2764,NA18562
2765,NA18563
2766,NA18564
2767,NA18565
2768,NA18566
2769,NA18567
2770,NA18570
2771,NA18571
2772,NA18572
2773,NA18573
2774,NA18574
2775,NA18576
2776,NA18577
2777,NA18579
2778,NA18582
2779,NA18591
2780,NA18592
2781,NA18593
2782,NA18595
2783,NA18596
2784,NA18597
2785,NA18599
2786,NA18602
2787,NA18603
2788,NA18605
2789,NA18606
2790,NA18608
2791,NA18609
2792,NA18610
2793,NA18611
2794,NA18612
2795,NA18613
2796,NA18614
2797,NA18615
2798,NA18616
2799,NA18617
2800,NA18618
2801,NA18619
2802,NA18620
2803,NA18621
2804,NA18622
2805,NA18623
2806,NA18624
2807,NA18625
2808,NA18626
2809,NA18627
2810,NA18628
2811,NA18629
2812,NA18630
2813,NA18631
2814,NA18632
2815,NA18633
2816,NA18634
2817,NA18635
2818,NA18636
2819,NA18637
2820,NA18638
2821,NA18639
2822,NA18640
2823,NA18641
2824,NA18642
2825,NA18643
2826,NA18644
2827,NA18645
2828,NA18646
2829,NA18647
2830,NA18648
2831,NA18740
2832,NA18745
2833,NA18747
2834,NA18748
2835,NA18749
2836,NA18757
2837,NA18791
2838,NA18853
2839,NA18856
2840,NA18858
2841,NA18861
2842,NA18864
2843,NA18865
2844,NA18867
2845,NA18868
2846,NA18870
2847,NA18871
2848,NA18873
2849,NA18874
2850,NA18876
2851,NA18877
2852,NA18878
2853,NA18879
2854,NA18881
2855,NA18907
2856,NA18908
2857,NA18909
2858,NA18910
2859,NA18912
2860,NA18915
2861,NA18916
2862,NA18917
2863,NA18923
2864,NA18924
2865,NA18933
2866,NA18934
2867,NA18939
2868,NA18940
2869,NA18941
2870,NA18942
2871,NA18943
2872,NA18944
2873,NA18945
2874,NA18946
2875,NA18947
2876,NA18948
2877,NA18949
2878,NA18950
2879,NA18951
2880,NA18952
2881,NA18953
2882,NA18954
2883,NA18955
2884,NA18956
2885,NA18957
2886,NA18959
2887,NA18960
2888,NA18961
2889,NA18962
2890,NA18963
2891,NA18964
2892,NA18965
2893,NA18966
2894,NA18967
2895,NA18968
2896,NA18969
2897,NA18970
2898,NA18971
2899,NA18972
2900,NA18973
2901,NA18974
2902,NA18975
2903,NA18976
2904,NA18977
2905,NA18978
2906,NA18979
2907,NA18980
2908,NA18981
2909,NA18982
2910,NA18983
2911,NA18984
2912,NA18985
2913,NA18986
2914,NA18987
2915,NA18988
2916,NA18989
2917,NA18990
2918,NA18991
2919,NA18992
2920,NA18993
2921,NA18994
2922,NA18995
2923,NA18997
2924,NA18998
2925,NA18999
2926,NA19000
2927,NA19001
2928,NA19002
2929,NA19003
2930,NA19004
2931,NA19005
2932,NA19006
2933,NA19007
2934,NA19009
2935,NA19010
2936,NA19011
2937,NA19012
2938,NA19017
2939,NA19019
2940,NA19020
2941,NA19023
2942,NA19024
2943,NA19025
2944,NA19026
2945,NA19027
2946,NA19028
2947,NA19030
2948,NA19031
2949,NA19035
2950,NA19036
2951,NA19037
2952,NA19038
2953,NA19041
2954,NA19042
2955,NA19043
2956,NA19044
2957,NA19054
2958,NA19055
2959,NA19056
2960,NA19057
2961,NA19058
2962,NA19059
2963,NA19060
2964,NA19062
2965,NA19063
2966,NA19064
2967,NA19065
2968,NA19066
2969,NA19067
2970,NA19068
2971,NA19070
2972,NA19072
2973,NA19074
2974,NA19075
2975,NA19076
2976,NA19077
2977,NA19078
2978,NA19079
2979,NA19080
2980,NA19081
2981,NA19082
2982,NA19083
2983,NA19084
2984,NA19085
2985,NA19086
2986,NA19087
2987,NA19088
2988,NA19089
2989,NA19090
2990,NA19091
2991,NA19092
2992,NA19093
2993,NA19095
2994,NA19096
2995,NA19098
2996,NA19099
2997,NA19102
2998,NA19107
2999,NA19108
3000,NA19113
3001,NA19114
3002,NA19116
3003,NA19117
3004,NA19118
3005,NA19119
3006,NA19121
3007,NA19129
3008,NA19130
3009,NA19131
3010,NA19137
3011,NA19138
3012,NA19141
3013,NA19143
3014,NA19144
3015,NA19146
3016,NA19147
3017,NA19149
3018,NA19152
3019,NA19153
3020,NA19159
3021,NA19160
3022,NA19171
3023,NA19172
3024,NA19175
3025,NA19184
3026,NA19185
3027,NA19189
3028,NA19190
3029,NA19197
3030,NA19198
3031,NA19200
3032,NA19201
3033,NA19204
3034,NA19206
3035,NA19207
3036,NA19209
3037,NA19210
3038,NA19213
3039,NA19214
3040,NA19222
3041,NA19223
3042,NA19225
3043,NA19235
3044,NA19236
3045,NA19238
3046,NA19239
3047,NA19247
3048,NA19248
3049,NA19256
3050,NA19257
3051,NA19307
3052,NA19308
3053,NA19309
3054,NA19310
3055,NA19312
3056,NA19314
3057,NA19315
3058,NA19316
3059,NA19317
3060,NA19318
3061,NA19319
3062,NA19320
3063,NA19321
3064,NA19323
3065,NA19324
3066,NA19327
3067,NA19328
3068,NA19331
3069,NA19332
3070,NA19334
3071,NA19338
3072,NA19346
3073,NA19347
3074,NA19350
3075,NA19351
3076,NA19355
3077,NA19359
3078,NA19360
3079,NA19371
3080,NA19372
3081,NA19374
3082,NA19375
3083,NA19376
3084,NA19377
3085,NA19378
3086,NA19379
3087,NA19380
3088,NA19383
3089,NA19384
3090,NA19385
3091,NA19390
3092,NA19391
3093,NA19393
3094,NA19394
3095,NA19395
3096,NA19397
3097,NA19398
3098,NA19399
3099,NA19401
3100,NA19403
3101,NA19404
3102,NA19428
3103,NA19429
3104,NA19430
3105,NA19431
3106,NA19434
3107,NA19435
3108,NA19436
3109,NA19437
3110,NA19438
3111,NA19439
3112,NA19440
3113,NA19443
3114,NA19445
3115,NA19446
3116,NA19448
3117,NA19449
3118,NA19451
3119,NA19452
3120,NA19454
3121,NA19455
3122,NA19456
3123,NA19457
3124,NA19461
3125,NA19462
3126,NA19463
3127,NA19466
3128,NA19467
3129,NA19468
3130,NA19471
3131,NA19472
3132,NA19473
3133,NA19474
3134,NA19475
3135,NA19625
3136,NA19648
3137,NA19649
3138,NA19651
3139,NA19652
3140,NA19654
3141,NA19655
3142,NA19657
3143,NA19658
3144,NA19661
3145,NA19663
3146,NA19664
3147,NA19669
3148,NA19670
3149,NA19676
3150,NA19678
3151,NA19679
3152,NA19681
3153,NA19682
3154,NA19684
3155,NA19700
3156,NA19701
3157,NA19703
3158,NA19704
3159,NA19707
3160,NA19711
3161,NA19712
3162,NA19713
3163,NA19716
3164,NA19717
3165,NA19719
3166,NA19720
3167,NA19722
3168,NA19723
3169,NA19725
3170,NA19726
3171,NA19728
3172,NA19729
3173,NA19731
3174,NA19732
3175,NA19734
3176,NA19735
3177,NA19740
3178,NA19741
3179,NA19746
3180,NA19747
3181,NA19749
3182,NA19750
3183,NA19752
3184,NA19755
3185,NA19756
3186,NA19758
3187,NA19759
3188,NA19761
3189,NA19762
3190,NA19764
3191,NA19770
3192,NA19771
3193,NA19773
3194,NA19774
3195,NA19776
3196,NA19777
3197,NA19779
3198,NA19780
3199,NA19782
3200,NA19783
3201,NA19785
3202,NA19786
3203,NA19788
3204,NA19789
3205,NA19792
3206,NA19794
3207,NA19795
3208,NA19818
3209,NA19819
3210,NA19834
3211,NA19835
3212,NA19900
3213,NA19901
3214,NA19904
3215,NA19908
3216,NA19909
3217,NA19913
3218,NA19914
3219,NA19916
3220,NA19917
3221,NA19920
3222,NA19921
3223,NA19922
3224,NA19923
3225,NA19982
3226,NA19984
3227,NA20126
3228,NA20127
3229,NA20274
3230,NA20276
3231,NA20278
3232,NA20281
3233,NA20282
3234,NA20287
3235,NA20289
3236,NA20291
3237,NA20294
3238,NA20296
3239,NA20298
3240,NA20299
3241,NA20314
3242,NA20317
3243,NA20318
3244,NA20320
3245,NA20321
3246,NA20332
3247,NA20334
3248,NA20339
3249,NA20340
3250,NA20342
3251,NA20346
3252,NA20348
3253,NA20351
3254,NA20355
3255,NA20356
3256,NA20357
3257,NA20359
3258,NA20362
3259,NA20412
3260,NA20502
3261,NA20503
3262,NA20504
3263,NA20505
3264,NA20506
3265,NA20507
3266,NA20508
3267,NA20509
3268,NA20510
3269,NA20511
3270,NA20512
3271,NA20513
3272,NA20514
3273,NA20515
3274,NA20516
3275,NA20517
3276,NA20518
3277,NA20519
3278,NA20520
3279,NA20521
3280,NA20522
3281,NA20524
3282,NA20525
3283,NA20527
3284,NA20528
3285,NA20529
3286,NA20530
3287,NA20531
3288,NA20532
3289,NA20533
3290,NA20534
3291,NA20535
3292,NA20536
3293,NA20537
3294,NA20538
3295,NA20539
3296,NA20540
3297,NA20541
3298,NA20542
3299,NA20543
3300,NA20544
3301,NA20581
3302,NA20582
3303,NA20585
3304,NA20586
3305,NA20587
3306,NA20588
3307,NA20589
3308,NA20752
3309,NA20753
3310,NA20754
3311,NA20755
3312,NA20756
3313,NA20757
3314,NA20758
3315,NA20759
3316,NA20760
3317,NA20761
3318,NA20762
3319,NA20763
3320,NA20764
3321,NA20765
3322,NA20766
3323,NA20767
3324,NA20768
3325,NA20769
3326,NA20770
3327,NA20771
3328,NA20772
3329,NA20773
3330,NA20774
3331,NA20775
3332,NA20778
3333,NA20783
3334,NA20785
3335,NA20786
3336,NA20787
3337,NA20790
3338,NA20792
3339,NA20795
3340,NA20796
3341,NA20797
3342,NA20798
3343,NA20799
3344,NA20800
3345,NA20801
3346,NA20802
3347,NA20803
3348,NA20804
3349,NA20805
3350,NA20806
3351,NA20807
3352,NA20808
3353,NA20809
3354,NA20810
3355,NA20811
3356,NA20812
3357,NA20813
3358,NA20814
3359,NA20815
3360,NA20816
3361,NA20818
3362,NA20819
3363,NA20821
3364,NA20822
3365,NA20826
3366,NA20827
3367,NA20828
3368,NA20829
3369,NA20831
3370,NA20832
3371,NA20845
3372,NA20846
3373,NA20847
3374,NA20849
3375,NA20850
3376,NA20851
3377,NA20852
3378,NA20853
3379,NA20854
3380,NA20856
3381,NA20858
3382,NA20859
3383,NA20861
3384,NA20862
3385,NA20863
3386,NA20864
3387,NA20866
3388,NA20867
3389,NA20868
3390,NA20869
3391,NA20870
3392,NA20872
3393,NA20873
3394,NA20874
3395,NA20875
3396,NA20876
3397,NA20877
3398,NA20878
3399,NA20881
3400,NA20882
3401,NA20883
3402,NA20884
3403,NA20885
3404,NA20886
3405,NA20887
3406,NA20888
3407,NA20889
3408,NA20890
3409,NA20891
3410,NA20892
3411,NA20894
3412,NA20895
3413,NA20896
3414,NA20897
3415,NA20899
3416,NA20900
3417,NA20901
3418,NA20902
3419,NA20903
3420,NA20904
3421,NA20905
3422,NA20906
3423,NA20908
3424,NA20910
3425,NA20911
3426,NA21086
3427,NA21087
3428,NA21088
3429,NA21089
3430,NA21090
3431,NA21091
3432,NA21092
3433,NA21093
3434,NA21094
3435,NA21095
3436,NA21097
3437,NA21098
3438,NA21099
3439,NA21100
3440,NA21101
3441,NA21102
3442,NA21103
3443,NA21104
3444,NA21105
3445,NA21106
3446,NA21107
3447,NA21108
3448,NA21109
3449,NA21110
3450,NA21111
3451,NA21112
3452,NA21113
3453,NA21114
3454,NA21115
3455,NA21116
3456,NA21117
3457,NA21118
3458,NA21119
3459,NA21120
3460,NA21121
3461,NA21122
3462,NA21123
3463,NA21124
3464,NA21125
3465,NA21126
3466,NA21127
3467,NA21128
3468,NA21129
3469,NA21130
3470,NA21133
3471,NA21135
3472,NA21137
3473,NA21141
3474,NA21142
3475,NA21143
3476,NA21144
3477,IHW9118
3478,IHW9193
3479,AV-21
3480,TZ-11
3481,HGDP01308
3482,DNK07
3483,HGDP00533
3484,HGDP00775
3485,HGDP01036
3486,HGDP01015
3487,HGDP01286
3488,HGDP00982
3489,mixe0007
3490,HGDP00546
3491,HGDP01076
3492,HGDP00936
3493,abh107
3494,abh100
3495,HGDP01402
3496,HGDP01401
3497,ALB212
3498,Ale22
3499,Ale20
3500,altai363p
3501,NA13607
3502,NA13616
3503,armenia293
3504,Armenian222
3505,NA13604
3506,HGDP00090
3507,HGDP01028
3508,HGDP01035
3509,HGDP01417
3510,HGDP01414
3511,HGDP01030
3512,HGDP01034
3513,HGDP01364
3514,HGDP01365
3515,HGDP00616
3516,HGDP00650
3517,HG03006
3518,HG03007
3519,HGDP01153
3520,HGDP01172
3521,HGDP00457
3522,HGDP00461
3523,HGDP00660
3524,HGDP00656
3525,B11
3526,B17
3527,HGDP00027
3528,HGDP00019
3529,BulgarianB4
3530,BulgarianC1
3531,Bu16
3532,Bu5
3533,HGDP00428
3534,HGDP00338
3535,HGDP00717
3536,HGDP00713
3537,TGBS21
3538,ch113
3539,Sir19
3540,NA15728
3541,HGDP01314
3542,HGDP01312
3543,HGDP01315
3544,HGDP01215
3545,DNK5
3546,DNK11
3547,HGDP00569
3548,HGDP00597
3549,Dus22
3550,Dus16
3551,HG00126
3552,HG00128
3553,HG03100
3554,HG02943
3555,Esk29
3556,Nesk_22
3557,Nesk_25
3558,Sir26
3559,Sir40
3560,Est375
3561,Est400
3562,Nlk1
3563,Nlk18
3564,Nlk3
3565,HG00174
3566,HG00190
3567,HG00360
3568,HGDP00530
3569,HGDP00526
3570,HG02464
3571,HG02574
3572,mg27
3573,mg31
3574,NA17377
3575,NA17374
3576,HGDP00783
3577,HGDP00785
3578,NA17385
3579,HGDP00124
3580,HGDP00125
3581,HGDP01240
3582,HGDP01242
3583,NA15203
3584,NA15202
3585,NA15761
3586,NA15763
3587,Igor20
3588,Igor21
3589,iran17
3590,iran11
3591,IraqiJew1771
3592,IraqiJew4291
3593,I1
3594,I3
3595,Kor82
3596,HGDP00749
3597,HGDP00773
3598,NA18940
3599,Jordan445
3600,Jordan603
3601,Jordan214
3602,HGDP00991
3603,HGDP00987
3604,HGDP01032
3605,HGDP00328
3606,HGDP00286
3607,K1
3608,K4
3609,HGDP01012
3610,HGDP01018
3611,SA0342
3612,SA0722
3613,KD4
3614,HG01600
3615,HG01846
3616,ND19394
3617,NA00726
3618,K-2
3619,K-15
3620,Bishkek28440
3621,Bishkek28439
3622,HGDP01323
3623,HGDP01320
3624,lez49
3625,lez42
3626,NA19023
3627,NA19044
3628,Ayodo_430C
3629,Ayodo_502C
3630,M4
3631,M13
3632,HGDP00160
3633,HGDP00157
3634,ML2
3635,ML3
3636,HGDP01199
3637,HGDP00915
3638,Mansi79
3639,Mansi41
3640,NA17386
3641,NA21490
3642,NA21581
3643,HGDP00855
3644,HGDP00857
3645,HGDP00474
3646,HGDP00476
3647,HGDP00449
3648,HG03078
3649,HG03085
3650,HGDP01191
3651,HGDP01198
3652,mixe0002
3653,mixe0042
3654,mixa0099
3655,mixa0105
3656,HGDP01228
3657,HGDP01223
3658,HGDP01253
3659,HGDP01274
3660,HGDP01338
3661,HGDP01345
3662,NorthOssetia12
3663,NorthOssetia5
3664,NOR111
3665,HGDP00798
3666,HGDP00796
3667,HGDP01203
3668,HGDP01211
3669,HGDP00722
3670,HGDP00725
3671,HGDP00737
3672,HGDP00550
3673,HGDP00553
3674,HGDP00555
3675,HGDP00556
3676,HGDP00552
3677,HGDP00554
3678,HGDP00540
3679,HGDP00541
3680,HGDP00543
3681,HGDP00545
3682,HGDP00547
3683,HGDP00548
3684,HGDP00549
3685,HGDP00551
3686,HGDP00216
3687,HGDP00232
3688,HGDP00702
3689,HGDP00706
3690,HGDP01047
3691,HGDP01044
3692,ND15865
3693,HG02724
3694,HG02783
3695,HG02790
3696,HG02494
3697,NA11201
3698,NA11200
3699,Peru60
3700,R3
3701,R6
3702,HGDP00887
3703,HGDP00903
3704,Utsa21
3705,Utsa22
3706,SAH31
3707,SAH41
3708,Sam02
3709,HGDP01079
3710,HGDP01078
3711,HGDP01335
3712,HGDP01333
3713,HGDP00208
3714,HGDP00195
3715,Ayodo_81S
3716,HG01503
3717,HG01504
3718,HGDP00846
3719,HGDP00852
3720,tdj409_shugnan
3721,tdj430_shugnan
3722,CHI-007
3723,CHI-034
3724,Ale32
3725,Ale14
3726,HGDP01350
3727,HGDP01355
3728,Tuba19
3729,Tuba9
3730,HGDP01095
3731,HGDP01098
3732,Kayseri23827
3733,Kayseri24424
3734,HGDP01168
3735,HGDP01163
3736,Ul31
3737,Ul5
3738,HGDP01306
3739,HGDP01297
3740,HGDP01250
3741,HGDP01246
3742,Y4
3743,Y8
3744,HGDP00956
3745,HGDP00951
3746,YemeniteJew4695
3747,YemeniteJew5433
3748,HGDP01179
3749,HGDP01188
3750,HGDP00928
3751,HGDP00932
3752,zapo0098
3753,zapo0099
